,Query,AMS,ADNN,T,Bf,min_cost,T_pred,Bf_pred,min_cost_pred
0,1%,0.00265069,0.00583815967,17.10171412866275,50,0.5680588875823975,28.958076,50,0.5869532576049803
1,1%,0.00265069,0.366064129,31.74938538360562,55,0.597755634371948,28.971882,50,0.5870359648376466
2,1%,0.00265069,8.74767114,18.449766488953696,50,0.578038938543701,29.293388,50,0.5903285808013918
3,1%,0.00265069,24.4029475,17.59943642996376,55,0.5784009171936035,29.846039,49,0.5924703308349608
4,1%,0.00265069,28.762206,20.925572414618323,45,0.5849106083587647,29.906801,49,0.5906543565887452
5,1%,0.00265069,103.460163,21.285654465994828,45,0.5848670324401856,29.54837,49,0.5896263209533691
6,1%,0.00265069,117.181603,18.261719763489445,50,0.5794539729156495,29.33913,49,0.5891528880645753
7,1%,0.00725927,0.00583815967,47.316012619018586,50,0.3372614777557373,27.15627,50,0.3107143883209228
8,1%,0.00725927,0.366064129,49.28611287685821,55,0.3447190938751221,27.46291,50,0.313351088986206
9,1%,0.00725927,8.74767114,7.168249890441345,50,0.286956649746704,26.271614,50,0.3079514200927735
10,1%,0.00725927,24.4029475,10.472320470400584,55,0.287728884829712,25.783682,50,0.3064141076568603
11,1%,0.00725927,28.762206,27.960143398642213,45,0.3112393675048829,25.487507,50,0.3080154681274414
12,1%,0.00725927,103.460163,17.49921294759813,45,0.2905647670623779,23.844563,49,0.3052395204010009
13,1%,0.00725927,117.181603,14.797449623108292,45,0.2927366297821044,23.687878,49,0.306287443774414
14,1%,0.00825927,0.00583815967,12.540209026555097,50,0.2877569159240722,29.761572,50,0.3158487302368163
15,1%,0.00825927,0.366064129,10.870541810260317,45,0.28959162182312,29.309923,50,0.3124803262542724
16,1%,0.00825927,8.74767114,24.8815326491942,50,0.3109528013153076,28.364326,50,0.3135910245910645
17,1%,0.00825927,24.4029475,20.310283183593867,50,0.3060895524444579,27.12362,50,0.3133118302917481
18,1%,0.00825927,28.762206,29.46403458604169,50,0.3121186792877196,27.147635,50,0.3124007731933594
19,1%,0.00825927,103.460163,32.44315965500982,50,0.3078459831848144,24.812113,49,0.3056515154754638
20,1%,0.00825927,117.181603,29.23513610044565,50,0.3118637902313232,24.542099,49,0.308069868939209
21,1%,0.04614786,0.00583815967,26.869570944366423,50,0.3909927544677734,35.113388,50,0.3945572853515624
22,1%,0.04614786,0.366064129,37.80793028625507,50,0.3963450009124755,35.218575,50,0.3898987228973388
23,1%,0.04614786,8.74767114,29.722849155176647,45,0.3777309881713868,34.205223,49,0.3862711775146484
24,1%,0.04614786,24.4029475,21.07487599238572,45,0.3523519076141356,32.058968,49,0.3863678917846679
25,1%,0.04614786,28.762206,44.23089305428885,50,0.4017257212707518,31.836876,49,0.3911739504516601
26,1%,0.04614786,103.460163,19.52912990436347,40,0.3618066033447266,27.707502,49,0.3824953972076415
27,1%,0.04614786,117.181603,13.352450706814365,50,0.3539647284698486,27.216076,49,0.3785920800292968
28,1%,0.14998521,0.00583815967,47.12007045349325,50,0.4401668762237549,33.28859,49,0.4375271386169433
29,1%,0.14998521,0.366064129,45.657627021591296,45,0.4480780873443605,33.33273,49,0.4444911808074951
30,1%,0.14998521,8.74767114,44.03313920613444,50,0.4357898721496582,33.56158,49,0.4334966277130125
31,1%,0.14998521,24.4029475,46.82336185422791,55,0.427458764074707,33.920475,49,0.4270557133026123
32,1%,0.14998521,28.762206,45.66527894397069,55,0.4399975487701417,33.9826,49,0.4370127563720704
33,1%,0.14998521,103.460163,48.17100363068904,45,0.4333338665191651,33.204372,49,0.4298494922576903
34,1%,0.14998521,117.181603,48.92328770372956,45,0.4462369078918456,32.57774,49,0.4425658569091796
35,1%,0.59584332,0.00583815967,47.91390595387327,50,0.3451431717010498,34.789158,50,0.3436487863861084
36,1%,0.59584332,0.366064129,49.40928585815431,50,0.3459361296051025,34.864594,50,0.3437013066070557
37,1%,0.59584332,8.74767114,48.35859061867177,50,0.3521748059112549,35.14265,50,0.3488845719482421
38,1%,0.59584332,24.4029475,48.03975478983487,50,0.3600451765289307,35.51999,49,0.356355134713745
39,1%,0.59584332,28.762206,49.82737626800541,50,0.3620981157989503,35.553146,49,0.3587272762512207
40,1%,0.59584332,103.460163,49.78284472563122,50,0.356672560824585,34.9955,48,0.3539281217193603
41,1%,0.59584332,117.181603,48.71735960646353,45,0.3533114729339601,34.613083,48,0.3485377024658203
42,1%,1.11582564,0.00583815967,46.1229996414186,55,0.510509392126465,33.68012,51,0.5060954938781738
43,1%,1.11582564,0.366064129,15.361635707147938,55,0.4480725745727539,33.69732,51,0.5042800837371829
44,1%,1.11582564,8.74767114,34.17832543090835,50,0.4970259751495361,33.57262,50,0.5035751345336914
45,1%,1.11582564,24.4029475,42.832390434264745,55,0.4994408712890624,32.764305,50,0.5014424240356444
46,1%,1.11582564,28.762206,14.504361726736327,50,0.4549026591278075,32.750195,50,0.5016120132659911
47,1%,1.11582564,103.460163,39.80808142092907,55,0.4947152061340332,32.459866,49,0.5012850392913818
48,1%,1.11582564,117.181603,12.121567748834943,50,0.4488710747436523,32.209187,49,0.4979180005279542
